{"Coordinates":[[2.1519210339,-15.6486234665,8.1248188019]],"logT":[4.1426963806],"logZ":[-1.1280090809],"logDen":[-2.7668027878],"PType":[0.0],"HaloID":[0.0],"Velocities":[[48.379108429,-40.8683662415,-12.9489984512]],"filterKeys":["logT","logZ","logDen","PType","HaloID"],"colormapKeys":["logT","logZ","logDen","PType","HaloID"],"doSPHrad":[0]}