{"Coordinates":[[17.7119808197,-11.4701080322,14.7290878296],[29.7686214447,-20.8978424072,5.9868998528],[29.5791683197,-16.3519439697,7.7525248528],[17.0274105072,-16.0980377197,15.2173690796],[16.7813167572,-14.6800689697,13.8101425171],[18.1992855072,-19.5687408447,17.8911972046],[-22.1679019928,-2.0101473331,-5.9125142097],[-6.3573555946,22.4898529053,3.6958844662],[27.8955745697,-23.5335845947,5.2798686028],[17.3418636322,-12.0765533447,14.3511581421],[-22.5175113678,-2.4408113956,-6.2757954597],[2.0381522179,-14.2728424072,23.9165878296],[16.8389339447,-15.0453033447,16.9322128296],[20.0772151947,-19.7796783447,16.8609237671],[19.6563167572,4.4703211784,-13.3187637329],[-8.727473259,-5.3958897591,-9.6410293579],[19.9697933197,-18.2025299072,16.8755722046],[16.7783870697,-12.2259674072,12.8150253296],[12.0235033035,18.3257904053,2.0161969662],[8.6914720535,10.1753997803,3.5386579037],[30.6084651947,-17.2035064697,8.0474472046],[17.2256526947,-12.2523345947,14.4195175171],[30.9688167572,14.9703216553,7.4439311028],[-6.3221993446,11.9332122803,5.2349467278],[10.909245491,-27.7816314697,17.9439315796],[18.6787776947,-15.3792877197,16.5865097046],[-22.0731754303,-1.9290926456,-5.9476704597],[-22.1766910553,-2.6703035831,-5.9535298347],[19.1084651947,-20.7425689697,19.3482284546],[1.5879567862,5.3365321159,10.9429550171],[-22.2069644928,-3.2064363956,-6.0355610847],[20.9502620697,-22.2474517822,4.4585795403],[14.6426439285,-18.5638580322,20.9947128296],[-8.002863884,23.4878997803,8.3853378296],[21.4375667572,-20.8089752197,4.0699076653],[17.7100276947,-14.1117095947,15.8413925171],[15.9336595535,-15.4779205322,18.0396347046],[28.0811214447,-5.6663975716,-2.2582170963],[-12.504817009,11.5435638428,4.4292826653],[-18.0770816803,15.5269622803,-18.3353652954],[8.7070970535,0.4429776669,-12.3158340454],[28.9180355072,-18.6048736572,6.4341654778],[-22.5487613678,-2.4622957706,-6.2396626472],[10.059636116,11.4918060303,2.8863141537]],"logT":[null,null,null,null,null,null,null,4.4718670845,null,null,null,4.8369908333,null,null,4.9992332458,4.4967455864,null,null,4.992401123,4.6144137383,null,null,5.0726356506,4.3124842644,null,null,null,null,null,4.775241375,null,null,null,4.9500055313,null,null,null,5.2686891556,4.3119988441,4.7085905075,5.3560814857,null,null,4.3654880524],"logZ":[-2.0420229435,-1.9251694679,-2.5962705612,-2.0031690598,-1.5768643618,-1.9036214352,-1.3756561279,-4.0,-2.4774048328,-1.8202537298,-1.5426286459,-4.0,-1.6244894266,-2.0109276772,-4.0,-1.9053772688,-1.6228753328,-1.4689147472,-4.0,-1.1965646744,-2.098678112,-2.3783130646,-0.8114420176,-1.368052721,-1.2443174124,-1.9166932106,-2.0255761147,-1.5512410402,-1.7439073324,-3.9863183498,-1.4536327124,-4.0,-1.5624976158,-4.0,-4.0,-1.8516590595,-1.9531558752,-4.0,-1.6005004644,-4.0,-2.8823215961,-1.7872812748,-1.6669858694,-1.6984061003],"logDen":[null,null,null,null,null,null,null,-2.9887349606,null,null,null,-3.2475891113,null,null,-3.6948535442,-2.8992905617,null,null,-3.5602259636,-2.629093647,null,null,-3.7904314995,-2.4590110779,null,null,null,null,null,-2.9573101997,null,null,null,-3.423627615,null,null,null,-4.0631365776,-2.6963925362,-3.4049224854,-3.179158926,null,null,-2.6150875092],"PType":[4.0,4.0,4.0,4.0,4.0,4.0,4.0,0.0,4.0,4.0,4.0,0.0,4.0,4.0,0.0,0.0,4.0,4.0,0.0,0.0,4.0,4.0,0.0,0.0,4.0,4.0,4.0,4.0,4.0,0.0,4.0,4.0,4.0,0.0,4.0,4.0,4.0,0.0,0.0,0.0,0.0,4.0,4.0,0.0],"HaloID":[0.0,0.0,0.0,0.0,0.0,0.0,0.0,0.0,0.0,0.0,0.0,0.0,0.0,0.0,0.0,0.0,0.0,0.0,0.0,0.0,0.0,0.0,0.0,0.0,0.0,0.0,0.0,0.0,0.0,0.0,0.0,0.0,0.0,0.0,0.0,0.0,0.0,0.0,114.0,0.0,0.0,0.0,0.0,0.0],"Velocities":[[18.5124187469,77.5395965576,-8.6480464935],[33.5612945557,60.9213027954,-5.2163572311],[22.5073165894,69.9484710693,-6.5676083565],[19.2297363281,79.4264297485,8.7345762253],[18.6960010529,86.1901245117,6.6247239113],[-16.6979560852,63.8399085999,37.4702301025],[-1.0329886675,43.3504943848,10.3034934998],[24.1114635468,-83.0886306763,-18.2994308472],[37.3461036682,60.538356781,-7.3254513741],[21.9001235962,81.8121566772,-6.7080349922],[-3.336823225,43.8988075256,10.003903389],[-16.5205364227,6.7328681946,-7.6562180519],[-5.2841591835,75.0320129395,27.8118419647],[5.4061980247,69.6234283447,20.9356536865],[-39.97108078,-16.9362506866,2.4034411907],[44.0712471008,-9.4642095566,5.4448423386],[1.4028337002,74.2076568604,22.8537635803],[31.4654350281,81.9780349731,-15.9031219482],[6.4510602951,-40.6933326721,-3.3092894554],[54.3584938049,4.141805172,0.8840016127],[24.667804718,68.4224853516,-8.8535747528],[22.412103653,81.5452041626,-5.7714729309],[7.1613740921,2.1196608543,-4.9535431862],[-14.8666038513,43.4655914307,48.0401725769],[-76.0818862915,2.6355416775,15.5521354675],[6.2378983498,78.327796936,14.0292539597],[-0.3677524626,44.1075592041,10.7286214828],[-2.9207603931,43.84790802,10.6298236847],[-17.0715026855,60.3769264221,35.2643928528],[11.5036411285,-39.5571784973,21.9037818909],[-5.4768624306,42.7674980164,9.3159923553],[48.6947059631,63.0258598328,-25.0011959076],[-21.1415138245,51.784324646,26.5194988251],[41.1269760132,-62.5837173462,-13.9044466019],[47.6372146606,66.2092437744,-22.9194965363],[5.5461812019,81.8231964111,15.3718566895],[-9.9343099594,70.5667266846,28.7410678864],[26.2656002045,-20.2647094727,-7.9481782913],[-27.5211639404,32.692276001,27.9077835083],[33.0322036743,-15.6284236908,31.8831233978],[0.5802354217,-6.6544651985,0.40651232],[30.3172149658,65.8962860107,-5.1466140747],[-2.949205637,43.7255630493,10.7985134125],[83.1774978638,29.2873077393,13.7066907883]],"filterKeys":["logT","logZ","logDen","PType","HaloID"],"colormapKeys":["logT","logZ","logDen","PType","HaloID"],"doSPHrad":[0]}