{"Coordinates":[[38.1265220642,-42.59815979,6.4815711975],[-13.5639076233,32.3246917725,9.3096961975],[-6.3461341858,-9.4741344452,-45.16979599],[-14.4066810608,-12.8315563202,-40.410030365],[0.1675377041,9.0434436798,-31.3485069275],[-8.0570716858,-22.5249156952,6.972782135],[-5.2455482483,-67.1030426025,10.4190711975],[19.3355064392,-29.8979625702,17.8663368225],[-36.2748451233,-33.06690979,-48.3153038025],[-42.7504310608,-33.0932769775,-7.2528038025],[1.8648033142,-43.834487915,1.3106728792],[-47.4701576233,49.1059417725,-1.6951864958],[12.0767173767,-24.7329235077,-22.3153038025],[1.8208580017,38.060043335,-11.042842865],[3.5884361267,-2.9116346836,-30.6629600525],[6.5103111267,57.642074585,35.5948524475],[-24.6967201233,-31.7133922577,-59.44713974],[-38.8588294983,-31.1782360077,-17.117061615],[50.3091392517,-40.5756988525,-20.55260849],[-51.1107826233,13.4819202423,-41.8856163025],[-8.0404701233,-31.3374156952,-18.3328819275],[-0.3041419983,-50.11769104,-50.22838974],[-2.9760169983,31.5590686798,1.1436806917],[35.4312095642,-37.174331665,-43.0906944275],[30.1821861267,-31.6264781952,-20.218624115],[-28.1117591858,-20.3403453827,-0.9158896208],[1.4282798767,-19.3911266327,-21.7254600525],[15.2066001892,34.0063323975,-42.324092865],[45.7983970642,-45.98097229,-13.1258506775],[-28.3998451233,24.5532093048,20.6846961975],[48.9116783142,-43.4311676025,-19.730342865],[28.5239830017,-58.193862915,-18.124874115],[-28.5707435608,-33.1616363525,-36.4129600525],[-25.4232826233,-35.2221832275,-16.925655365],[35.4526939392,-35.7788238525,-34.320186615],[-29.4516029358,62.696762085,7.812625885],[-22.9906654358,53.61277771,22.019657135],[-3.1693763733,33.67918396,-0.3348349333],[27.7241783142,-35.7924957275,-13.31823349],[3.2769126892,-64.3764801025,-13.4363975525],[14.4458580017,54.3403167725,-41.91979599],[-38.8207435608,27.5053577423,-47.1688194275],[-30.6508216858,48.8110198975,-4.402217865],[8.3472251892,-32.79347229,-17.45495224],[7.9321861267,7.516099453,-36.390499115],[43.5601158142,-44.447769165,-7.2313194275],[18.9868736267,-3.5717909336,-13.2801475525],[5.6148033142,-66.412612915,8.5421180725]],"logT":[5.6462106705,null,null,5.5574512482,5.6524891853,4.0959796906,5.6770524979,4.2114515305,5.2527809143,null,5.5959882736,null,5.437787056,null,5.4471635818,null,5.1827869415,null,4.4685511589,5.21083498,5.9399404526,5.0341534615,null,4.6663980484,4.3428983688,4.3549442291,6.056333065,5.7875056267,4.2882137299,null,4.3079891205,5.5767655373,5.4936270714,5.4221849442,4.6523919106,null,null,null,4.2892980576,null,null,null,null,4.3395385742,5.7319936752,4.0675110817,null,5.2077822685],"logZ":[-3.2440209389,-1.8115438223,-0.9541437626,-3.7868769169,-0.6957998276,-0.2194142342,-0.7719217539,-1.5588304996,-4.0,-1.3998491764,-4.0,-0.9342133403,-3.0211055279,-1.284504652,-1.2057573795,-0.8755645752,-4.0,-1.318829298,-1.5001983643,-1.089338541,-4.0,-4.0,-1.1481034756,-0.9129871726,-4.0,-0.7717529535,-3.1160359383,-4.0,-4.0,-1.4971344471,-1.3626321554,-4.0,-4.0,-1.5696617365,-1.089045763,-1.1512976885,-0.8150359392,-1.0752485991,-4.0,-1.6034504175,-0.512152791,-1.0458242893,-1.5829232931,-1.2639760971,-1.0220036507,-4.0,-1.1175004244,-1.9482702017],"logDen":[-2.92486763,null,null,-3.2705318928,-3.3516821861,-2.250787735,-3.4324698448,-1.9942947626,-3.6085429192,null,-3.2806134224,null,-3.0664846897,null,-3.31980896,null,-3.6451923847,null,-2.6692185402,-4.0724401474,-3.3458619118,-3.596524477,null,-2.9142706394,-2.6452372074,-2.4809091091,-3.3952946663,-3.8385822773,-2.3966112137,null,-2.914129734,-3.5620017052,-3.6033523083,-2.9548039436,-3.2583315372,null,null,null,-2.2769050598,null,null,null,null,-2.3215360641,-3.604770422,-1.4934337139,null,-3.4184143543],"PType":[0.0,4.0,4.0,0.0,0.0,0.0,0.0,0.0,0.0,4.0,0.0,4.0,0.0,4.0,0.0,4.0,0.0,4.0,0.0,0.0,0.0,0.0,4.0,0.0,0.0,0.0,0.0,0.0,0.0,4.0,0.0,0.0,0.0,0.0,0.0,4.0,4.0,4.0,0.0,4.0,4.0,4.0,4.0,0.0,0.0,0.0,4.0,0.0],"HaloID":[0.0,0.0,16.0,0.0,0.0,0.0,0.0,0.0,0.0,0.0,0.0,0.0,16.0,0.0,0.0,0.0,0.0,0.0,0.0,0.0,0.0,0.0,0.0,0.0,0.0,0.0,16.0,0.0,0.0,0.0,0.0,0.0,0.0,0.0,0.0,0.0,0.0,0.0,0.0,0.0,0.0,0.0,0.0,16.0,0.0,0.0,0.0,0.0],"Velocities":[[-24.0922107697,18.0816249847,-91.0193405151],[-28.5197963715,27.7084388733,-96.707649231],[-99.7129516602,65.760597229,-81.3605422974],[-11.2378330231,41.7293014526,97.9674453735],[57.3387107849,2.624150753,65.9502029419],[2.8935866356,57.8834686279,-20.1015968323],[-29.8978023529,30.2697257996,-50.3957099915],[-83.5479812622,122.8305664062,59.5343894958],[75.9553833008,61.2218780518,70.7559204102],[83.6505661011,-42.8470191956,-1.4427132607],[-21.3218193054,39.9442024231,-61.5225753784],[124.4325027466,6.1688051224,-19.0504760742],[15.1725826263,-95.6864852905,-30.0776672363],[82.2565460205,-98.9079666138,-90.5465011597],[33.4811897278,45.6584243774,-44.0329818726],[-65.7810440063,68.7096939087,-40.8135871887],[25.0827598572,29.7855319977,117.6215591431],[104.9780349731,-27.7198982239,4.3022379875],[-75.4516601562,42.0077171326,-67.2182388306],[43.6748313904,-41.9755363464,14.8217105865],[47.4393234253,32.190612793,45.1600646973],[92.6538772583,61.5057983398,66.5564575195],[108.6236953735,-88.130531311,-120.7848052979],[5.586045742,-68.443649292,-18.5274181366],[-101.6403884888,48.026638031,-125.2945785522],[-52.0096626282,28.0265865326,-11.2335290909],[40.8452796936,37.3580245972,76.8614654541],[-6.0683517456,60.4391746521,13.2661104202],[-48.0396614075,41.4396286011,-79.5379714966],[-83.0000686646,70.8671035767,57.3934173584],[-46.7434654236,45.4326782227,-55.090171814],[63.6916465759,-8.614525795,37.0060653687],[21.3561267853,25.6508598328,54.1077575684],[49.4085693359,106.2738418579,-47.5646591187],[-34.4697875977,56.6832962036,-43.7931594849],[91.0138626099,-1.9162759781,-61.5952758789],[76.2338790894,-21.0405101776,-88.6153717041],[106.5722045898,-86.5154342651,-114.9852752686],[-129.9309387207,-32.1567077637,-138.883895874],[-66.3791885376,68.6057281494,59.8865470886],[-31.5631141663,9.5439395905,59.2929115295],[-27.8716659546,109.6029205322,51.3166885376],[138.928894043,-12.100022316,-28.8268585205],[-9.9604063034,-33.5239715576,2.8275592327],[22.042596817,8.5817642212,-166.8914794922],[-50.5303840637,42.6279602051,-121.2345809937],[119.0352935791,66.9699325562,-159.0916900635],[-42.7700195312,21.2604122162,16.8672065735]],"filterKeys":["logT","logZ","logDen","PType","HaloID"],"colormapKeys":["logT","logZ","logDen","PType","HaloID"],"doSPHrad":[0]}